{
	"format_version": "1.8.0",
	"animations": {
		"0": {
			"loop": true,
			"animation_length": 4,
			"bones": {
				"theorb": {
					"rotation": {
						"0.0": {
							"vector": [0, 0, 0]
						},
						"1.0": {
							"vector": [0, 90, 0]
						},
						"2.0": {
							"vector": [0, 180, 0]
						},
						"3.0": {
							"vector": [0, 270, 0]
						},
						"4.0": {
							"vector": [0, 360, 0]
						}
					}
				},
				"BluePod1": {
					"rotation": {
						"0.0": {
							"vector": [90, -67.5, -90]
						},
						"1.0": {
							"vector": [0, -90, 0]
						},
						"2.0": {
							"vector": [-90, -67.5, 90]
						},
						"3.0": {
							"vector": [0, -90, 0]
						},
						"4.0": {
							"vector": [90, -67.5, -90]
						}
					}
				},
				"PurplePod2": {
					"rotation": {
						"0.0": {
							"vector": [0, 0, -22.5]
						},
						"1.0": {
							"vector": [0, 0, 0]
						},
						"2.0": {
							"vector": [0, 0, 22.5]
						},
						"3.0": {
							"vector": [0, 0, 0]
						},
						"4.0": {
							"vector": [0, 0, -22.5]
						}
					}
				},
				"BluePod2": {
					"rotation": {
						"0.0": {
							"vector": [159.05898, 40.78947, 149.63881]
						},
						"1.0": {
							"vector": [180, 45, 180]
						},
						"2.0": {
							"vector": [200.94102, 40.78947, 210.36119]
						},
						"3.0": {
							"vector": [180, 45, 180]
						},
						"4.0": {
							"vector": [159.05898, 40.78947, 149.63881]
						}
					}
				},
				"RedPod2": {
					"rotation": {
						"0.0": {
							"vector": [20.94102, 40.78947, 30.36119]
						},
						"1.0": {
							"vector": [0, 45, 0]
						},
						"2.0": {
							"vector": [-20.94102, 40.78947, -30.36119]
						},
						"3.0": {
							"vector": [0, 45, 0]
						},
						"4.0": {
							"vector": [20.94102, 40.78947, 30.36119]
						}
					}
				},
				"PurplePod1": {
					"rotation": {
						"0.0": {
							"vector": [-159.05898, -40.78947, 149.63881]
						},
						"1.0": {
							"vector": [-180, -45, 180]
						},
						"2.0": {
							"vector": [-200.94102, -40.78947, 210.36119]
						},
						"3.0": {
							"vector": [-180, -45, 180]
						},
						"4.0": {
							"vector": [-159.05898, -40.78947, 149.63881]
						}
					}
				},
				"GrayPod2": {
					"rotation": {
						"0.0": {
							"vector": [-20.94102, -40.78947, 30.36119]
						},
						"1.0": {
							"vector": [0, -45, 0]
						},
						"2.0": {
							"vector": [20.94102, -40.78947, -30.36119]
						},
						"3.0": {
							"vector": [0, -45, 0]
						},
						"4.0": {
							"vector": [-20.94102, -40.78947, 30.36119]
						}
					}
				},
				"GrayPod1": {
					"rotation": {
						"0.0": {
							"vector": [-90, 67.5, -90]
						},
						"1.0": {
							"vector": [0, 90, 0]
						},
						"2.0": {
							"vector": [90, 67.5, 90]
						},
						"3.0": {
							"vector": [0, 90, 0]
						},
						"4.0": {
							"vector": [-90, 67.5, -90]
						}
					}
				},
				"RedPod1": {
					"rotation": {
						"0.0": {
							"vector": [-180, -360, -157.5]
						},
						"1.0": {
							"vector": [-180, -360, -180]
						},
						"2.0": {
							"vector": [-180, -360, -202.5]
						},
						"3.0": {
							"vector": [-180, -360, -180]
						},
						"4.0": {
							"vector": [-180, -360, -157.5]
						}
					}
				}
			}
		}
	},
	"geckolib_format_version": 2
}